{"cameraMode":{"drawMode":0,"name":"Shaded","section":"Shading Mode"},"sceneLighting":false,"audioPlay":false,"sceneViewState":{"showFog":true,"showMaterialUpdate":true,"showSkybox":false,"showFlares":true,"showImageEffects":true,"showParticleSystems":true},"in2DMode":false,"pivot":{"x":0.2770538330078125,"y":5.000676155090332,"z":-1.3960332870483399},"rotation":{"x":0.6733629703521729,"y":-0.11791706830263138,"z":0.1100492998957634,"w":0.7215045094490051},"size":45.38029098510742,"orthographic":false}