{"cameraMode":{"drawMode":0,"name":"Shaded","section":"Shading Mode"},"sceneLighting":true,"audioPlay":false,"sceneViewState":{"showFog":true,"showMaterialUpdate":true,"showSkybox":false,"showFlares":true,"showImageEffects":true,"showParticleSystems":true},"in2DMode":false,"pivot":{"x":442.3275451660156,"y":324.1893615722656,"z":162.8533935546875},"rotation":{"x":0.6733629703521729,"y":-0.11791706830263138,"z":0.1100492998957634,"w":0.7215045094490051},"size":7.800558567047119,"orthographic":false}